{"cameraMode":{"drawMode":0,"name":"Shaded","section":"Shading Mode"},"sceneLighting":true,"audioPlay":false,"sceneViewState":{"m_AlwaysRefresh":false,"showFog":true,"showSkybox":true,"showFlares":true,"showImageEffects":true,"showParticleSystems":true,"showVisualEffectGraphs":true,"m_FxEnabled":true},"in2DMode":false,"pivot":{"x":-309.9842224121094,"y":-5.385634899139404,"z":12.862713813781739},"rotation":{"x":-0.14335893094539643,"y":0.05109093710780144,"z":-0.006821094546467066,"w":-0.9884323477745056},"size":68.93849182128906,"orthographic":false}