{"cameraMode":{"drawMode":0,"name":"Shaded","section":"Shading Mode"},"sceneLighting":false,"audioPlay":false,"sceneViewState":{"m_AlwaysRefresh":false,"showFog":true,"showSkybox":false,"showFlares":true,"showImageEffects":true,"showParticleSystems":true,"showVisualEffectGraphs":true,"m_FxEnabled":true},"in2DMode":false,"pivot":{"x":-0.5067415833473206,"y":0.36475783586502077,"z":-1.1946297883987427},"rotation":{"x":-0.053471777588129047,"y":-0.9458165168762207,"z":0.20999404788017274,"w":-0.24227888882160188},"size":1.5022547245025635,"orthographic":false}